instant,dteday,season,yr,mnth,holiday,weekday,workingday,weathersit,temp,atemp,hum,windspeed,casual,registered,count
1,01/01/2011,1,0,1,0,6,0,2,14.11,18.18,0.81,0.16,331,654,985
2,02/01/2011,1,0,1,0,0,0,2,14.9,17.69,0.7,0.25,131,670,801
3,03/01/2011,1,0,1,0,1,1,1,8.05,9.47,0.44,0.25,120,1229,1349
4,04/01/2011,1,0,1,0,2,1,1,8.2,10.61,0.59,0.16,108,1454,1562
5,05/01/2011,1,0,1,0,3,1,1,9.31,11.46,0.44,0.19,82,1518,1600
6,06/01/2011,1,0,1,0,4,1,1,8.38,11.66,0.52,0.09,88,1518,1606
7,07/01/2011,1,0,1,0,5,1,2,8.06,10.44,0.5,0.17,148,1362,1510
8,08/01/2011,1,0,1,0,6,0,2,6.76,8.11,0.54,0.27,68,891,959
9,09/01/2011,1,0,1,0,0,0,1,5.67,5.81,0.43,0.36,54,768,822
10,10/01/2011,1,0,1,0,1,1,1,6.18,7.54,0.48,0.22,41,1280,1321
11,11/01/2011,1,0,1,0,2,1,2,6.93,9.57,0.69,0.12,43,1220,1263
12,12/01/2011,1,0,1,0,3,1,1,7.08,8.02,0.6,0.3,25,1137,1162
13,13/01/2011,1,0,1,0,4,1,1,6.76,7.54,0.47,0.3,38,1368,1406
14,14/01/2011,1,0,1,0,5,1,1,6.6,9.42,0.54,0.13,54,1367,1421
15,15/01/2011,1,0,1,0,6,0,2,9.57,12.41,0.5,0.16,222,1026,1248
16,16/01/2011,1,0,1,0,0,0,1,9.5,11.71,0.48,0.19,251,953,1204
17,17/01/2011,1,0,1,1,1,0,2,7.21,8.84,0.54,0.19,117,883,1000
18,18/01/2011,1,0,1,0,2,1,2,8.88,11.62,0.86,0.15,9,674,683
19,19/01/2011,1,0,1,0,3,1,2,11.98,14.92,0.74,0.21,78,1572,1650
20,20/01/2011,1,0,1,0,4,1,2,10.73,12.75,0.54,0.2,83,1844,1927
21,21/01/2011,1,0,1,0,5,1,1,7.28,7.89,0.46,0.35,75,1468,1543
22,22/01/2011,1,0,1,0,6,0,1,2.42,3.95,0.4,0.17,93,888,981
23,23/01/2011,1,0,1,0,0,0,1,3.96,4.94,0.44,0.25,150,836,986
24,24/01/2011,1,0,1,0,1,1,1,3.99,5.9,0.49,0.16,86,1330,1416
25,25/01/2011,1,0,1,0,2,1,2,9.16,11.73,0.62,0.13,186,1799,1985
26,26/01/2011,1,0,1,0,3,1,3,8.92,10.18,0.86,0.29,34,472,506
27,27/01/2011,1,0,1,0,4,1,1,8,10.98,0.69,0.11,15,416,431
28,28/01/2011,1,0,1,0,5,1,2,8.34,11.17,0.79,0.12,38,1129,1167
29,29/01/2011,1,0,1,0,6,0,1,8.06,10.61,0.65,0.15,123,975,1098
30,30/01/2011,1,0,1,0,0,0,1,8.88,12.52,0.72,0.07,140,956,1096
31,31/01/2011,1,0,1,0,1,1,2,7.41,9.31,0.6,0.19,42,1459,1501
32,01/02/2011,1,0,2,0,2,1,2,7.88,11.73,0.83,0.05,47,1313,1360
33,02/02/2011,1,0,2,0,3,1,2,10.66,12.72,0.78,0.26,72,1454,1526
34,03/02/2011,1,0,2,0,4,1,1,7.67,8.89,0.44,0.28,61,1489,1550
35,04/02/2011,1,0,2,0,5,1,2,8.66,11.43,0.59,0.13,88,1620,1708
36,05/02/2011,1,0,2,0,6,0,2,9.57,12.15,0.93,0.16,100,905,1005
37,06/02/2011,1,0,2,0,0,0,1,11.72,14.58,0.57,0.14,354,1269,1623
38,07/02/2011,1,0,2,0,1,1,1,11.14,15.18,0.74,0.05,120,1592,1712
39,08/02/2011,1,0,2,0,2,1,1,9.05,9.91,0.54,0.36,64,1466,1530
40,09/02/2011,1,0,2,0,3,1,2,5.53,7.21,0.49,0.19,53,1552,1605
41,10/02/2011,1,0,2,0,4,1,1,5.92,7.48,0.44,0.22,47,1491,1538
42,11/02/2011,1,0,2,0,5,1,1,7.75,10.68,0.51,0.11,149,1597,1746
43,12/02/2011,1,0,2,0,6,0,1,9.12,11.65,0.54,0.2,288,1184,1472
44,13/02/2011,1,0,2,0,0,0,1,12.98,16.21,0.46,0.26,397,1192,1589
45,14/02/2011,1,0,2,0,1,1,1,17.02,19.92,0.38,0.42,208,1705,1913
46,15/02/2011,1,0,2,0,2,1,1,10.91,12.71,0.31,0.29,140,1675,1815
47,16/02/2011,1,0,2,0,3,1,1,13.05,15.81,0.42,0.25,218,1897,2115
48,17/02/2011,1,0,2,0,4,1,1,17.87,21.43,0.5,0.23,259,2216,2475
49,18/02/2011,1,0,2,0,5,1,1,21.39,25.6,0.52,0.26,579,2348,2927
50,19/02/2011,1,0,2,0,6,0,1,16.37,19.57,0.19,0.51,532,1103,1635
51,20/02/2011,1,0,2,0,0,0,1,11.69,13.87,0.41,0.22,639,1173,1812
52,21/02/2011,1,0,2,1,1,0,2,12.44,14.2,0.6,0.31,195,912,1107
53,22/02/2011,1,0,2,0,2,1,1,7.47,9.3,0.58,0.2,74,1376,1450
54,23/02/2011,1,0,2,0,3,1,1,9.09,12.29,0.42,0.09,139,1778,1917
55,24/02/2011,1,0,2,0,4,1,2,12.12,14.46,0.7,0.25,100,1707,1807
56,25/02/2011,1,0,2,0,5,1,2,14.94,17.52,0.71,0.35,120,1341,1461
57,26/02/2011,1,0,2,0,6,0,1,11.58,14.11,0.54,0.19,424,1545,1969
58,27/02/2011,1,0,2,0,0,0,1,14.08,17.56,0.68,0.13,694,1708,2402
59,28/02/2011,1,0,2,0,1,1,2,16.7,20.01,0.88,0.29,81,1365,1446
60,01/03/2011,1,0,3,0,2,1,1,10.93,13.19,0.54,0.22,137,1714,1851
61,02/03/2011,1,0,3,0,3,1,1,13.74,16,0.45,0.31,231,1903,2134
62,03/03/2011,1,0,3,0,4,1,1,8.13,10.01,0.32,0.23,123,1562,1685
63,04/03/2011,1,0,3,0,5,1,2,10.73,12.78,0.61,0.2,214,1730,1944
64,05/03/2011,1,0,3,0,6,0,2,15.75,18.94,0.79,0.25,640,1437,2077
65,06/03/2011,1,0,3,0,0,0,2,15.44,18.31,0.95,0.34,114,491,605
66,07/03/2011,1,0,3,0,1,1,1,10.73,11.92,0.55,0.34,244,1628,1872
67,08/03/2011,1,0,3,0,2,1,1,11.99,15.12,0.42,0.12,316,1817,2133
68,09/03/2011,1,0,3,0,3,1,2,12.13,14.33,0.78,0.22,191,1700,1891
69,10/03/2011,1,0,3,0,4,1,3,15.95,19.28,0,0.26,46,577,623
70,11/03/2011,1,0,3,0,5,1,2,12.98,15.25,0.65,0.23,247,1730,1977
71,12/03/2011,1,0,3,0,6,0,1,13.5,16.29,0.59,0.22,724,1408,2132
72,13/03/2011,1,0,3,0,0,0,1,15.76,19,0.53,0.27,982,1435,2417
73,14/03/2011,1,0,3,0,1,1,1,13.33,16.6,0.5,0.14,359,1687,2046
74,15/03/2011,1,0,3,0,2,1,2,13.01,15.91,0.66,0.18,289,1767,2056
75,16/03/2011,1,0,3,0,3,1,2,14.97,18.35,0.78,0.2,321,1871,2192
76,17/03/2011,1,0,3,0,4,1,1,17.02,20.52,0.6,0.21,424,2320,2744
77,18/03/2011,1,0,3,0,5,1,1,22.14,26.35,0.53,0.23,884,2355,3239
78,19/03/2011,1,0,3,0,6,0,1,19.37,23.33,0.38,0.37,1424,1693,3117
79,20/03/2011,1,0,3,0,0,0,1,13.63,16.29,0.47,0.21,1047,1424,2471
80,21/03/2011,2,0,3,0,1,1,2,17.65,20.49,0.74,0.29,401,1676,2077
81,22/03/2011,2,0,3,0,2,1,1,18.11,22.03,0.62,0.23,460,2243,2703
82,23/03/2011,2,0,3,0,3,1,2,14.23,16.9,0.84,0.23,203,1918,2121
83,24/03/2011,2,0,3,0,4,1,2,11.68,13.54,0.81,0.24,166,1699,1865
84,25/03/2011,2,0,3,0,5,1,1,10.83,12.82,0.5,0.23,300,1910,2210
85,26/03/2011,2,0,3,0,6,0,1,10.9,12.88,0.39,0.21,981,1515,2496
86,27/03/2011,2,0,3,0,0,0,2,10.37,12.52,0.49,0.18,472,1221,1693
87,28/03/2011,2,0,3,0,1,1,1,10.84,12.88,0.3,0.21,222,1806,2028
88,29/03/2011,2,0,3,0,2,1,1,12.4,14.65,0.31,0.23,317,2108,2425
89,30/03/2011,2,0,3,0,3,1,2,12.3,14.87,0.65,0.17,168,1368,1536
90,31/03/2011,2,0,3,0,4,1,3,11,12.88,0.92,0.22,179,1506,1685
91,01/04/2011,2,0,4,0,5,1,2,12.3,14.17,0.69,0.26,307,1920,2227
92,02/04/2011,2,0,4,0,6,0,2,12.92,15.78,0.65,0.2,898,1354,2252
93,03/04/2011,2,0,4,0,0,0,1,15.51,18.94,0.48,0.18,1651,1598,3249
94,04/04/2011,2,0,4,0,1,1,1,23.51,27.15,0.43,0.39,734,2381,3115
95,05/04/2011,2,0,4,0,2,1,2,16.98,19.92,0.64,0.39,167,1628,1795
96,06/04/2011,2,0,4,0,3,1,1,16.02,19.38,0.47,0.26,413,2395,2808
97,07/04/2011,2,0,4,0,4,1,1,17.94,21.68,0.6,0.16,571,2570,3141
98,08/04/2011,2,0,4,0,5,1,2,13.77,16.22,0.84,0.23,172,1299,1471
99,09/04/2011,2,0,4,0,6,0,2,14.04,17.08,0.88,0.13,879,1576,2455
100,10/04/2011,2,0,4,0,0,0,2,17.49,21.34,0.86,0.15,1188,1707,2895
101,11/04/2011,2,0,4,0,1,1,2,24.42,28.26,0.72,0.32,855,2493,3348
102,12/04/2011,2,0,4,0,2,1,2,20.6,24.65,0.74,0.27,257,1777,2034
103,13/04/2011,2,0,4,0,3,1,2,16.91,20.86,0.82,0.25,209,1953,2162
104,14/04/2011,2,0,4,0,4,1,1,19.17,23.14,0.54,0.11,529,2738,3267
105,15/04/2011,2,0,4,1,5,0,1,18.31,22.1,0.67,0.23,642,2484,3126
106,16/04/2011,2,0,4,0,6,0,3,17.66,21.27,0.89,0.34,121,674,795
107,17/04/2011,2,0,4,0,0,0,1,18.72,22.28,0.48,0.3,1558,2186,3744
108,18/04/2011,2,0,4,0,1,1,1,21.01,25.16,0.54,0.16,669,2760,3429
109,19/04/2011,2,0,4,0,2,1,2,20.74,24.46,0.67,0.16,409,2795,3204
110,20/04/2011,2,0,4,0,3,1,1,24.4,28.22,0.61,0.24,613,3331,3944
111,21/04/2011,2,0,4,0,4,1,1,18.83,22.69,0.41,0.33,745,3444,4189
112,22/04/2011,2,0,4,0,5,1,2,13.8,16.1,0.73,0.22,177,1506,1683
113,23/04/2011,2,0,4,0,6,0,2,18.86,22.51,0.89,0.23,1462,2574,4036
114,24/04/2011,2,0,4,0,0,0,2,23.85,27.59,0.81,0.19,1710,2481,4191
115,25/04/2011,2,0,4,0,1,1,1,24.87,28.72,0.78,0.19,773,3300,4073
116,26/04/2011,2,0,4,0,2,1,1,25.9,29.7,0.73,0.33,678,3722,4400
117,27/04/2011,2,0,4,0,3,1,2,25.42,28.76,0.84,0.31,547,3325,3872
118,28/04/2011,2,0,4,0,4,1,2,25.32,28.95,0.7,0.32,569,3489,4058
119,29/04/2011,2,0,4,0,5,1,1,20.91,24.87,0.46,0.24,878,3717,4595
120,30/04/2011,2,0,4,0,6,0,1,19.37,23.2,0.5,0.24,1965,3347,5312
121,01/05/2011,2,0,5,0,0,0,2,18.52,22.41,0.76,0.11,1138,2213,3351
122,02/05/2011,2,0,5,0,1,1,2,22.52,26.64,0.73,0.18,847,3554,4401
123,03/05/2011,2,0,5,0,2,1,2,25.28,29.1,0.7,0.34,603,3848,4451
124,04/05/2011,2,0,5,0,3,1,2,16.98,20.23,0.74,0.33,255,2378,2633
125,05/05/2011,2,0,5,0,4,1,1,18.83,22.1,0.44,0.3,614,3819,4433
126,06/05/2011,2,0,5,0,5,1,1,19.65,23.71,0.59,0.23,894,3714,4608
127,07/05/2011,2,0,5,0,6,0,1,21.32,25.63,0.54,0.16,1612,3102,4714
128,08/05/2011,2,0,5,0,0,0,1,21.66,25.95,0.63,0.07,1401,2932,4333
129,09/05/2011,2,0,5,0,1,1,1,21.83,26.26,0.59,0.18,664,3698,4362
130,10/05/2011,2,0,5,0,2,1,1,21.83,26.14,0.49,0.12,694,4109,4803
131,11/05/2011,2,0,5,0,3,1,1,22.24,26.42,0.63,0.12,550,3632,4182
132,12/05/2011,2,0,5,0,4,1,1,21.94,26.17,0.75,0.19,695,4169,4864
133,13/05/2011,2,0,5,0,5,1,2,21.01,24.72,0.86,0.18,692,3413,4105
134,14/05/2011,2,0,5,0,6,0,2,21.35,25.03,0.92,0.13,902,2507,3409
135,15/05/2011,2,0,5,0,0,0,2,23.06,26.8,0.87,0.15,1582,2971,4553
136,16/05/2011,2,0,5,0,1,1,1,23.68,27.53,0.79,0.13,773,3185,3958
137,17/05/2011,2,0,5,0,2,1,2,23.03,26.93,0.84,0.28,678,3445,4123
138,18/05/2011,2,0,5,0,3,1,2,22.55,26.36,0.87,0.2,536,3319,3855
139,19/05/2011,2,0,5,0,4,1,2,21.76,25.54,0.83,0.11,735,3840,4575
140,20/05/2011,2,0,5,0,5,1,1,22,26.45,0.72,0.13,909,4008,4917
141,21/05/2011,2,0,5,0,6,0,1,24.7,28.6,0.63,0.12,2258,3547,5805
142,22/05/2011,2,0,5,0,0,0,1,24.77,28.72,0.75,0.15,1576,3084,4660
143,23/05/2011,2,0,5,0,1,1,2,25.9,29.51,0.81,0.23,836,3438,4274
144,24/05/2011,2,0,5,0,2,1,2,27.06,30.24,0.74,0.21,659,3833,4492
145,25/05/2011,2,0,5,0,3,1,1,27.09,30.78,0.7,0.15,740,4238,4978
146,26/05/2011,2,0,5,0,4,1,1,29.04,32.73,0.68,0.2,758,3919,4677
147,27/05/2011,2,0,5,0,5,1,1,27.95,31.85,0.65,0.24,871,3808,4679
148,28/05/2011,2,0,5,0,6,0,1,26.89,30.62,0.73,0.23,2001,2757,4758
149,29/05/2011,2,0,5,0,0,0,1,27.37,30.78,0.82,0.21,2355,2433,4788
150,30/05/2011,2,0,5,1,1,0,1,30.07,33.55,0.68,0.13,1549,2549,4098
151,31/05/2011,2,0,5,0,2,1,1,31.78,36.27,0.64,0.11,673,3309,3982
152,01/06/2011,2,0,6,0,3,1,2,31.33,36.05,0.68,0.21,513,3461,3974
153,02/06/2011,2,0,6,0,4,1,1,29.32,32.2,0.3,0.29,736,4232,4968
154,03/06/2011,2,0,6,0,5,1,1,25.42,29.36,0.35,0.25,898,4414,5312
155,04/06/2011,2,0,6,0,6,0,1,26.04,29.73,0.46,0.12,1869,3473,5342
156,05/06/2011,2,0,6,0,0,0,2,26.58,30.84,0.65,0.14,1685,3221,4906
157,06/06/2011,2,0,6,0,1,1,1,27.81,31.09,0.6,0.12,673,3875,4548
158,07/06/2011,2,0,6,0,2,1,1,29.01,32.8,0.6,0.19,763,4070,4833
159,08/06/2011,2,0,6,0,3,1,1,31.81,36.36,0.62,0.14,676,3725,4401
160,09/06/2011,2,0,6,0,4,1,2,33.14,37.88,0.57,0.15,563,3352,3915
161,10/06/2011,2,0,6,0,5,1,1,30.96,35.16,0.6,0.14,815,3771,4586
162,11/06/2011,2,0,6,0,6,0,1,29.72,33.9,0.65,0.15,1729,3237,4966
163,12/06/2011,2,0,6,0,0,0,1,28.39,32.17,0.75,0.16,1467,2993,4460
164,13/06/2011,2,0,6,0,1,1,1,26.04,30.08,0.49,0.31,863,4157,5020
165,14/06/2011,2,0,6,0,2,1,1,24.77,29.58,0.51,0.27,727,4164,4891
166,15/06/2011,2,0,6,0,3,1,1,25.69,29.39,0.47,0.17,769,4411,5180
167,16/06/2011,2,0,6,0,4,1,2,25.76,29.77,0.69,0.21,545,3222,3767
168,17/06/2011,2,0,6,0,5,1,1,26.62,30.02,0.74,0.14,863,3981,4844
169,18/06/2011,2,0,6,0,6,0,1,28.56,32.2,0.67,0.12,1807,3312,5119
170,19/06/2011,2,0,6,0,0,0,2,28.67,32.29,0.67,0.1,1639,3105,4744
171,20/06/2011,2,0,6,0,1,1,2,26.04,29.77,0.75,0.16,699,3311,4010
172,21/06/2011,3,0,6,0,2,1,2,27.91,31.88,0.77,0.17,774,4061,4835
173,22/06/2011,3,0,6,0,3,1,1,30.07,34.69,0.71,0.17,661,3846,4507
174,23/06/2011,3,0,6,0,4,1,2,29.86,34.69,0.7,0.24,746,4044,4790
175,24/06/2011,3,0,6,0,5,1,1,29.69,32.83,0.57,0.22,969,4022,4991
176,25/06/2011,3,0,6,0,6,0,1,28.49,32.17,0.48,0.21,1782,3420,5202
177,26/06/2011,3,0,6,0,0,0,1,27.88,31.88,0.51,0.09,1920,3385,5305
178,27/06/2011,3,0,6,0,1,1,2,27.98,31.85,0.66,0.11,854,3854,4708
179,28/06/2011,3,0,6,0,2,1,1,30.51,34.63,0.63,0.14,732,3916,4648
180,29/06/2011,3,0,6,0,3,1,1,29.86,32.73,0.5,0.26,848,4377,5225
181,30/06/2011,3,0,6,0,4,1,1,28.56,31.85,0.43,0.19,1027,4488,5515
182,01/07/2011,3,0,7,0,5,1,1,29.62,32.61,0.4,0.1,1246,4116,5362
183,02/07/2011,3,0,7,0,6,0,1,30.27,33.37,0.44,0.12,2204,2915,5119
184,03/07/2011,3,0,7,0,0,0,2,29.38,33.43,0.68,0.23,2282,2367,4649
185,04/07/2011,3,0,7,1,1,0,2,29.79,33.27,0.64,0.08,3065,2978,6043
186,05/07/2011,3,0,7,0,2,1,1,30.61,34.82,0.59,0.13,1031,3634,4665
187,06/07/2011,3,0,7,0,3,1,1,29.52,34.28,0.74,0.15,784,3845,4629
188,07/07/2011,3,0,7,0,4,1,1,30.75,34.34,0.65,0.16,754,3838,4592
189,08/07/2011,3,0,7,0,5,1,2,29.08,33.52,0.76,0.23,692,3348,4040
190,09/07/2011,3,0,7,0,6,0,1,30.07,33.21,0.61,0.17,1988,3348,5336
191,10/07/2011,3,0,7,0,0,0,1,30.65,34.5,0.58,0.18,1743,3138,4881
192,11/07/2011,3,0,7,0,1,1,1,31.26,36.49,0.64,0.28,723,3363,4086
193,12/07/2011,3,0,7,0,2,1,1,32.56,36.96,0.56,0.2,662,3596,4258
194,13/07/2011,3,0,7,0,3,1,1,30.61,34.47,0.63,0.15,748,3594,4342
195,14/07/2011,3,0,7,0,4,1,1,27.91,31.76,0.48,0.24,888,4196,5084
196,15/07/2011,3,0,7,0,5,1,1,27.2,31.22,0.59,0.18,1318,4220,5538
197,16/07/2011,3,0,7,0,6,0,1,28.15,31.91,0.58,0.21,2418,3505,5923
198,17/07/2011,3,0,7,0,0,0,1,29.49,33.49,0.6,0.25,2006,3296,5302
199,18/07/2011,3,0,7,0,1,1,1,30.61,35.2,0.65,0.22,841,3617,4458
200,19/07/2011,3,0,7,0,2,1,1,31.84,37.37,0.65,0.13,752,3789,4541
201,20/07/2011,3,0,7,0,3,1,1,31.5,37.34,0.71,0.11,644,3688,4332
202,21/07/2011,3,0,7,0,4,1,2,33.42,41.32,0.69,0.22,632,3152,3784
203,22/07/2011,3,0,7,0,5,1,1,34.78,42.04,0.58,0.13,562,2825,3387
204,23/07/2011,3,0,7,0,6,0,1,34.82,40.21,0.5,0.13,987,2298,3285
205,24/07/2011,3,0,7,0,0,0,1,34.03,39.74,0.55,0.17,1050,2556,3606
206,25/07/2011,3,0,7,0,1,1,1,30.48,36.05,0.76,0.09,568,3272,3840
207,26/07/2011,3,0,7,0,2,1,1,31.64,34.85,0.54,0.2,750,3840,4590
208,27/07/2011,3,0,7,0,3,1,1,31.78,34.53,0.4,0.18,755,3901,4656
209,28/07/2011,3,0,7,0,4,1,1,31.95,36.99,0.58,0.18,606,3784,4390
210,29/07/2011,3,0,7,0,5,1,1,34.37,39.3,0.54,0.17,670,3176,3846
211,30/07/2011,3,0,7,0,6,0,1,32.97,36.43,0.47,0.17,1559,2916,4475
212,31/07/2011,3,0,7,0,0,0,1,33.04,36.49,0.48,0.16,1524,2778,4302
213,01/08/2011,3,0,8,0,1,1,1,31.64,35.16,0.55,0.16,729,3537,4266
214,02/08/2011,3,0,8,0,2,1,1,32.12,35.35,0.49,0.21,801,4044,4845
215,03/08/2011,3,0,8,0,3,1,2,30,34,0.66,0.14,467,3107,3574
216,04/08/2011,3,0,8,0,4,1,2,29.11,33.24,0.76,0.2,799,3777,4576
217,05/08/2011,3,0,8,0,5,1,1,29.14,32.83,0.63,0.18,1023,3843,4866
218,06/08/2011,3,0,8,0,6,0,2,29.38,33.81,0.76,0.23,1521,2773,4294
219,07/08/2011,3,0,8,0,0,0,1,30.44,35.76,0.75,0.2,1298,2487,3785
220,08/08/2011,3,0,8,0,1,1,1,31.36,35.16,0.59,0.19,846,3480,4326
221,09/08/2011,3,0,8,0,2,1,1,31.78,36.21,0.57,0.15,907,3695,4602
222,10/08/2011,3,0,8,0,3,1,1,31.43,34.25,0.42,0.2,884,3896,4780
223,11/08/2011,3,0,8,0,4,1,1,29.42,32.58,0.42,0.16,812,3980,4792
224,12/08/2011,3,0,8,0,5,1,1,29.04,32.7,0.42,0.13,1051,3854,4905
225,13/08/2011,3,0,8,0,6,0,2,28.12,32.29,0.73,0.21,1504,2646,4150
226,14/08/2011,3,0,8,0,0,0,2,27.74,31.22,0.82,0.22,1338,2482,3820
227,15/08/2011,3,0,8,0,1,1,1,27.3,30.81,0.71,0.21,775,3563,4338
228,16/08/2011,3,0,8,0,2,1,1,28.73,32.29,0.58,0.24,721,4004,4725
229,17/08/2011,3,0,8,0,3,1,1,29.66,33.33,0.58,0.14,668,4026,4694
230,18/08/2011,3,0,8,0,4,1,1,29.18,33.11,0.65,0.23,639,3166,3805
231,19/08/2011,3,0,8,0,5,1,2,28.08,31.66,0.72,0.14,797,3356,4153
232,20/08/2011,3,0,8,0,6,0,1,28.6,32.45,0.67,0.1,1914,3277,5191
233,21/08/2011,3,0,8,0,0,0,1,29.14,33.78,0.77,0.25,1249,2624,3873
234,22/08/2011,3,0,8,0,1,1,1,28.36,31.91,0.47,0.28,833,3925,4758
235,23/08/2011,3,0,8,0,2,1,1,26.27,30.3,0.46,0.15,1281,4614,5895
236,24/08/2011,3,0,8,0,3,1,1,27.61,31.53,0.6,0.25,949,4181,5130
237,25/08/2011,3,0,8,0,4,1,2,28.05,32.29,0.77,0.21,435,3107,3542
238,26/08/2011,3,0,8,0,5,1,1,28.7,32.99,0.76,0.08,768,3893,4661
239,27/08/2011,3,0,8,0,6,0,2,27.88,31.78,0.85,0.38,226,889,1115
240,28/08/2011,3,0,8,0,0,0,1,28.99,32.4,0.56,0.3,1415,2919,4334
241,29/08/2011,3,0,8,0,1,1,1,26.1,30.4,0.55,0.16,729,3905,4634
242,30/08/2011,3,0,8,0,2,1,1,26.21,29.74,0.55,0.13,775,4429,5204
243,31/08/2011,3,0,8,0,3,1,1,26.92,30.56,0.6,0.08,688,4370,5058
244,01/09/2011,3,0,9,0,4,1,1,26.86,30.75,0.64,0.14,783,4332,5115
245,02/09/2011,3,0,9,0,5,1,2,26.38,30.24,0.73,0.14,875,3852,4727
246,03/09/2011,3,0,9,0,6,0,1,27.44,31.66,0.72,0.19,1935,2549,4484
247,04/09/2011,3,0,9,0,0,0,1,29.08,33.27,0.74,0.21,2521,2419,4940
248,05/09/2011,3,0,9,1,1,0,2,27.61,31.28,0.79,0.21,1236,2115,3351
249,06/09/2011,3,0,9,0,2,1,3,22.14,25.76,0.89,0.34,204,2506,2710
250,07/09/2011,3,0,9,0,3,1,3,24.57,27.21,0.92,0.1,118,1878,1996
251,08/09/2011,3,0,9,0,4,1,3,25.99,27.77,0.94,0.19,153,1689,1842
252,09/09/2011,3,0,9,0,5,1,2,26.65,28.95,0.9,0.12,417,3127,3544
253,10/09/2011,3,0,9,0,6,0,1,27.06,30.4,0.75,0.15,1750,3595,5345
254,11/09/2011,3,0,9,0,0,0,1,26.79,30.46,0.71,0.12,1633,3413,5046
255,12/09/2011,3,0,9,0,1,1,1,26.42,30.11,0.69,0.09,690,4023,4713
256,13/09/2011,3,0,9,0,2,1,1,26.68,30.18,0.71,0.14,701,4062,4763
257,14/09/2011,3,0,9,0,3,1,1,27.61,31.34,0.7,0.17,647,4138,4785
258,15/09/2011,3,0,9,0,4,1,2,23.68,27.68,0.71,0.27,428,3231,3659
259,16/09/2011,3,0,9,0,5,1,2,19.24,23.07,0.59,0.16,742,4018,4760
260,17/09/2011,3,0,9,0,6,0,2,20.16,23.93,0.72,0.19,1434,3077,4511
261,18/09/2011,3,0,9,0,0,0,1,20.81,24.53,0.7,0.18,1353,2921,4274
262,19/09/2011,3,0,9,0,1,1,2,22.52,26.48,0.69,0.15,691,3848,4539
263,20/09/2011,3,0,9,0,2,1,2,23.03,26.61,0.88,0.13,438,3203,3641
264,21/09/2011,3,0,9,0,3,1,2,24.4,27.53,0.9,0.1,539,3813,4352
265,22/09/2011,3,0,9,0,4,1,2,25.76,27.75,0.9,0.13,555,4240,4795
266,23/09/2011,4,0,9,0,5,1,2,24.98,26.11,0.97,0.08,258,2137,2395
267,24/09/2011,4,0,9,0,6,0,2,24.87,28.22,0.86,0.08,1776,3647,5423
268,25/09/2011,4,0,9,0,0,0,2,26,28.63,0.84,0.05,1544,3466,5010
269,26/09/2011,4,0,9,0,1,1,2,26.62,29.45,0.85,0.11,684,3946,4630
270,27/09/2011,4,0,9,0,2,1,2,26.1,28.73,0.89,0.12,477,3643,4120
271,28/09/2011,4,0,9,0,3,1,2,26.04,28.76,0.85,0.15,480,3427,3907
272,29/09/2011,4,0,9,0,4,1,1,25.28,28.73,0.7,0.17,653,4186,4839
273,30/09/2011,4,0,9,0,5,1,1,23.13,27.24,0.65,0.21,830,4372,5202
274,01/10/2011,4,0,10,0,6,0,2,16.81,20.64,0.75,0.29,480,1949,2429
275,02/10/2011,4,0,10,0,0,0,2,14.62,17.27,0.79,0.22,616,2302,2918
276,03/10/2011,4,0,10,0,1,1,2,15.75,19.6,0.76,0.08,330,3240,3570
277,04/10/2011,4,0,10,0,2,1,1,19.85,23.64,0.71,0.21,486,3970,4456
278,05/10/2011,4,0,10,0,3,1,1,22.07,26.36,0.65,0.18,559,4267,4826
279,06/10/2011,4,0,10,0,4,1,1,20.26,24.02,0.62,0.13,639,4126,4765
280,07/10/2011,4,0,10,0,5,1,1,20.94,25.22,0.68,0.02,949,4036,4985
281,08/10/2011,4,0,10,0,6,0,1,21.39,25.66,0.7,0.05,2235,3174,5409
282,09/10/2011,4,0,10,0,0,0,1,22.17,26.2,0.73,0.06,2397,3114,5511
283,10/10/2011,4,0,10,1,1,0,1,23.4,27.15,0.73,0.04,1514,3603,5117
284,11/10/2011,4,0,10,0,2,1,2,23.23,27.3,0.81,0.14,667,3896,4563
285,12/10/2011,4,0,10,0,3,1,3,22.28,25.89,0.91,0.25,217,2199,2416
286,13/10/2011,4,0,10,0,4,1,2,24.16,27.59,0.9,0.14,290,2623,2913
287,14/10/2011,4,0,10,0,5,1,2,22.58,26.48,0.72,0.22,529,3115,3644
288,15/10/2011,4,0,10,0,6,0,1,20.77,24.94,0.48,0.26,1899,3318,5217
289,16/10/2011,4,0,10,0,0,0,1,20.98,25.16,0.49,0.28,1748,3293,5041
290,17/10/2011,4,0,10,0,1,1,1,21.9,25.54,0.58,0.18,713,3857,4570
291,18/10/2011,4,0,10,0,2,1,2,21.83,26.14,0.7,0.11,637,4111,4748
292,19/10/2011,4,0,10,0,3,1,3,22.21,25.69,0.9,0.24,254,2170,2424
293,20/10/2011,4,0,10,0,4,1,1,19.51,23.33,0.64,0.42,471,3724,4195
294,21/10/2011,4,0,10,0,5,1,1,17.53,21.18,0.57,0.22,676,3628,4304
295,22/10/2011,4,0,10,0,6,0,1,17.32,21.27,0.63,0.09,1499,2809,4308
296,23/10/2011,4,0,10,0,0,0,1,17.29,21.12,0.74,0.1,1619,2762,4381
297,24/10/2011,4,0,10,0,1,1,1,19,22.85,0.77,0.12,699,3488,4187
298,25/10/2011,4,0,10,0,2,1,1,19.34,23.17,0.62,0.17,695,3992,4687
299,26/10/2011,4,0,10,0,3,1,2,19.85,23.64,0.72,0.15,404,3490,3894
300,27/10/2011,4,0,10,0,4,1,2,19.27,22.85,0.81,0.2,240,2419,2659
301,28/10/2011,4,0,10,0,5,1,2,13.56,15.94,0.59,0.23,456,3291,3747
302,29/10/2011,4,0,10,0,6,0,3,10.42,11.4,0.88,0.35,57,570,627
303,30/10/2011,4,0,10,0,0,0,1,13.09,16.07,0.62,0.18,885,2446,3331
304,31/10/2011,4,0,10,0,1,1,1,13.94,17.8,0.7,0.11,362,3307,3669
305,01/11/2011,4,0,11,0,2,1,1,16.43,19.85,0.68,0.14,410,3658,4068
306,02/11/2011,4,0,11,0,3,1,1,15.48,19.51,0.72,0.08,370,3816,4186
307,03/11/2011,4,0,11,0,4,1,1,16.74,20.3,0.7,0.14,318,3656,3974
308,04/11/2011,4,0,11,0,5,1,2,16.54,20.17,0.62,0.27,470,3576,4046
309,05/11/2011,4,0,11,0,6,0,1,13.39,16.19,0.52,0.19,1156,2770,3926
310,06/11/2011,4,0,11,0,0,0,1,14.28,18.12,0.73,0.09,952,2697,3649
311,07/11/2011,4,0,11,0,1,1,1,16.2,20.04,0.76,0.06,373,3662,4035
312,08/11/2011,4,0,11,0,2,1,1,16.74,20.61,0.72,0.07,376,3829,4205
313,09/11/2011,4,0,11,0,3,1,1,16.4,20.45,0.76,0.06,305,3804,4109
314,10/11/2011,4,0,11,0,4,1,2,15.58,18.69,0.81,0.19,190,2743,2933
315,11/11/2011,4,0,11,1,5,0,1,13.29,15.34,0.45,0.31,440,2928,3368
316,12/11/2011,4,0,11,0,6,0,1,14.62,17.9,0.55,0.21,1275,2792,4067
317,13/11/2011,4,0,11,0,0,0,1,18.07,21.53,0.46,0.28,1004,2713,3717
318,14/11/2011,4,0,11,0,1,1,1,21.73,26.23,0.59,0.31,595,3891,4486
319,15/11/2011,4,0,11,0,2,1,2,21.73,25.38,0.69,0.2,449,3746,4195
320,16/11/2011,4,0,11,0,3,1,3,18.72,22.6,0.93,0.14,145,1672,1817
321,17/11/2011,4,0,11,0,4,1,2,14.01,16.16,0.58,0.31,139,2914,3053
322,18/11/2011,4,0,11,0,5,1,1,11.24,13.64,0.41,0.17,245,3147,3392
323,19/11/2011,4,0,11,0,6,0,1,13.5,16.22,0.5,0.22,943,2720,3663
324,20/11/2011,4,0,11,0,0,0,2,19,22.85,0.68,0.19,787,2733,3520
325,21/11/2011,4,0,11,0,1,1,3,18.35,22.25,0.91,0.14,220,2545,2765
326,22/11/2011,4,0,11,0,2,1,3,17.08,21.08,0.96,0.12,69,1538,1607
327,23/11/2011,4,0,11,0,3,1,2,18.07,21.53,0.76,0.34,112,2454,2566
328,24/11/2011,4,0,11,1,4,0,1,15.31,18.62,0.55,0.17,560,935,1495
329,25/11/2011,4,0,11,0,5,1,1,15.38,19.03,0.64,0.1,1095,1697,2792
330,26/11/2011,4,0,11,0,6,0,1,15.41,19.25,0.68,0.07,1249,1819,3068
331,27/11/2011,4,0,11,0,0,0,1,18.83,22.79,0.7,0.21,810,2261,3071
332,28/11/2011,4,0,11,0,1,1,1,20.64,24.51,0.74,0.14,253,3614,3867
333,29/11/2011,4,0,11,0,2,1,2,18.79,22.57,0.83,0.26,96,2818,2914
334,30/11/2011,4,0,11,0,3,1,1,13.32,15.56,0.61,0.27,188,3425,3613
335,01/12/2011,4,0,12,0,4,1,1,12.81,15.28,0.52,0.22,182,3545,3727
336,02/12/2011,4,0,12,0,5,1,1,12.88,16.57,0.63,0.1,268,3672,3940
337,03/12/2011,4,0,12,0,6,0,1,12.27,15.53,0.61,0.1,706,2908,3614
338,04/12/2011,4,0,12,0,0,0,1,13.56,17.46,0.78,0.08,634,2851,3485
339,05/12/2011,4,0,12,0,1,1,2,15.82,19.7,0.83,0.06,233,3578,3811
340,06/12/2011,4,0,12,0,2,1,3,18.96,22.82,0.95,0.23,126,2468,2594
341,07/12/2011,4,0,12,0,3,1,3,16.81,20.01,0.97,0.27,50,655,705
342,08/12/2011,4,0,12,0,4,1,1,10.9,12.85,0.58,0.24,150,3172,3322
343,09/12/2011,4,0,12,0,5,1,1,11.92,15.88,0.7,0.08,261,3359,3620
344,10/12/2011,4,0,12,0,6,0,1,11.28,13.32,0.51,0.23,502,2688,3190
345,11/12/2011,4,0,12,0,0,0,1,9.05,12.66,0.49,0.07,377,2366,2743
346,12/12/2011,4,0,12,0,1,1,1,9.77,13.51,0.67,0.06,143,3167,3310
347,13/12/2011,4,0,12,0,2,1,1,11.58,15.06,0.59,0.14,155,3368,3523
348,14/12/2011,4,0,12,0,3,1,2,13.02,16.92,0.66,0.06,178,3562,3740
349,15/12/2011,4,0,12,0,4,1,2,17.32,20.61,0.63,0.27,181,3528,3709
350,16/12/2011,4,0,12,0,5,1,2,15.38,17.99,0.5,0.26,178,3399,3577
351,17/12/2011,4,0,12,0,6,0,2,10.59,12.47,0.56,0.24,275,2464,2739
352,18/12/2011,4,0,12,0,0,0,1,9.77,12.28,0.59,0.17,220,2211,2431
353,19/12/2011,4,0,12,0,1,1,1,11.34,14.05,0.64,0.17,260,3143,3403
354,20/12/2011,4,0,12,0,2,1,2,15.82,19.82,0.6,0.06,216,3534,3750
355,21/12/2011,1,0,12,0,3,1,2,17.56,21.4,0.86,0.22,107,2553,2660
356,22/12/2011,1,0,12,0,4,1,2,17.36,21.31,0.76,0.05,227,2841,3068
357,23/12/2011,1,0,12,0,5,1,1,15.31,18.88,0.69,0.27,163,2046,2209
358,24/12/2011,1,0,12,0,6,0,1,12.4,14.96,0.54,0.19,155,856,1011
359,25/12/2011,1,0,12,0,0,0,1,11.27,14,0.68,0.16,303,451,754
360,26/12/2011,1,0,12,1,1,0,1,13.19,15.78,0.51,0.24,430,887,1317
361,27/12/2011,1,0,12,0,2,1,2,13.32,16.38,0.76,0.19,103,1059,1162
362,28/12/2011,1,0,12,0,3,1,1,12.26,14,0.5,0.29,255,2047,2302
363,29/12/2011,1,0,12,0,4,1,1,10.18,13.19,0.57,0.12,254,2169,2423
364,30/12/2011,1,0,12,0,5,1,1,12.78,15.94,0.64,0.13,491,2508,2999
365,31/12/2011,1,0,12,0,6,0,1,16.81,20.71,0.62,0.22,665,1820,2485
366,01/01/2012,1,1,1,0,0,0,1,15.17,18.78,0.69,0.19,686,1608,2294
367,02/01/2012,1,1,1,1,1,0,1,11.19,12.62,0.38,0.33,244,1707,1951
368,03/01/2012,1,1,1,0,2,1,1,6.15,6.31,0.44,0.37,89,2147,2236
369,04/01/2012,1,1,1,0,3,1,2,4.41,5.97,0.41,0.18,95,2273,2368
370,05/01/2012,1,1,1,0,4,1,1,10.9,13.92,0.52,0.13,140,3132,3272
371,06/01/2012,1,1,1,0,5,1,1,13.7,17.01,0.54,0.17,307,3791,4098
372,07/01/2012,1,1,1,0,6,0,1,16.13,19.54,0.53,0.17,1070,3451,4521
373,08/01/2012,1,1,1,0,0,0,1,13.84,17.01,0.46,0.19,599,2826,3425
374,09/01/2012,1,1,1,0,1,1,2,9.19,12.37,0.7,0.1,106,2270,2376
375,10/01/2012,1,1,1,0,2,1,1,12.66,15.94,0.65,0.19,173,3425,3598
376,11/01/2012,1,1,1,0,3,1,2,11.24,14.14,0.85,0.13,92,2085,2177
377,12/01/2012,1,1,1,0,4,1,2,15.68,19.1,0.8,0.18,269,3828,4097
378,13/01/2012,1,1,1,0,5,1,1,11.24,12.47,0.51,0.38,174,3040,3214
379,14/01/2012,1,1,1,0,6,0,1,7.38,9.15,0.46,0.19,333,2160,2493
380,15/01/2012,1,1,1,0,0,0,1,6.83,8.08,0.42,0.25,284,2027,2311
381,16/01/2012,1,1,1,1,1,0,1,7.79,9.53,0.52,0.23,217,2081,2298
382,17/01/2012,1,1,1,0,2,1,2,15.29,18.21,0.72,0.35,127,2808,2935
383,18/01/2012,1,1,1,0,3,1,1,12.44,13.76,0.44,0.42,109,3267,3376
384,19/01/2012,1,1,1,0,4,1,1,7.79,9.5,0.5,0.22,130,3162,3292
385,20/01/2012,1,1,1,0,5,1,2,8.92,11.05,0.45,0.2,115,3048,3163
386,21/01/2012,1,1,1,0,6,0,2,7.11,8.74,0.83,0.22,67,1234,1301
387,22/01/2012,1,1,1,0,0,0,2,6.66,8.11,0.8,0.2,196,1781,1977
388,23/01/2012,1,1,1,0,1,1,2,8.95,12.15,0.91,0.11,145,2287,2432
389,24/01/2012,1,1,1,0,2,1,1,14.04,17.46,0.84,0.12,439,3900,4339
390,25/01/2012,1,1,1,0,3,1,1,12.06,14.74,0.64,0.16,467,3803,4270
391,26/01/2012,1,1,1,0,4,1,2,14.01,17.8,0.77,0.07,244,3831,4075
392,27/01/2012,1,1,1,0,5,1,2,17.42,20.77,0.74,0.34,269,3187,3456
393,28/01/2012,1,1,1,0,6,0,1,12.95,16.32,0.54,0.21,775,3248,4023
394,29/01/2012,1,1,1,0,0,0,1,11.58,13.64,0.31,0.24,558,2685,3243
395,30/01/2012,1,1,1,0,1,1,1,11.04,13.13,0.4,0.22,126,3498,3624
396,31/01/2012,1,1,1,0,2,1,1,15.99,19.07,0.42,0.26,324,4185,4509
397,01/02/2012,1,1,2,0,3,1,1,19.24,23.33,0.51,0.19,304,4275,4579
398,02/02/2012,1,1,2,0,4,1,2,16.37,19.95,0.67,0.19,190,3571,3761
399,03/02/2012,1,1,2,0,5,1,1,12.85,15.47,0.53,0.18,310,3841,4151
400,04/02/2012,1,1,2,0,6,0,2,10.83,13.64,0.78,0.12,384,2448,2832
401,05/02/2012,1,1,2,0,0,0,2,10.9,13.23,0.69,0.18,318,2629,2947
402,06/02/2012,1,1,2,0,1,1,1,11.59,14.82,0.62,0.15,206,3578,3784
403,07/02/2012,1,1,2,0,2,1,1,14.52,18.06,0.5,0.15,199,4176,4375
404,08/02/2012,1,1,2,0,3,1,2,10.52,13.32,0.72,0.13,109,2693,2802
405,09/02/2012,1,1,2,0,4,1,1,10.86,13.1,0.56,0.19,163,3667,3830
406,10/02/2012,1,1,2,0,5,1,2,11.51,14.68,0.54,0.12,227,3604,3831
407,11/02/2012,1,1,2,0,6,0,3,9.19,10.54,0.73,0.29,192,1977,2169
408,12/02/2012,1,1,2,0,0,0,1,5.23,5.08,0.46,0.41,73,1456,1529
409,13/02/2012,1,1,2,0,1,1,1,9.12,11.4,0.41,0.17,94,3328,3422
410,14/02/2012,1,1,2,0,2,1,2,13.09,16.7,0.51,0.14,135,3787,3922
411,15/02/2012,1,1,2,0,3,1,1,14.28,17.58,0.53,0.18,141,4028,4169
412,16/02/2012,1,1,2,0,4,1,2,12.98,16.51,0.75,0.09,74,2931,3005
413,17/02/2012,1,1,2,0,5,1,1,14.08,17.58,0.63,0.21,349,3805,4154
414,18/02/2012,1,1,2,0,6,0,1,14.21,17.77,0.53,0.19,1435,2883,4318
415,19/02/2012,1,1,2,0,0,0,2,11.48,13.29,0.52,0.25,618,2071,2689
416,20/02/2012,1,1,2,1,1,0,1,11.48,13.67,0.51,0.23,502,2627,3129
417,21/02/2012,1,1,2,0,2,1,1,11.8,14.76,0.59,0.21,163,3614,3777
418,22/02/2012,1,1,2,0,3,1,1,16.23,19.63,0.57,0.23,394,4379,4773
419,23/02/2012,1,1,2,0,4,1,1,18.62,22.22,0.55,0.19,516,4546,5062
420,24/02/2012,1,1,2,0,5,1,2,16.71,20.55,0.74,0.24,246,3241,3487
421,25/02/2012,1,1,2,0,6,0,1,11.92,12.78,0.4,0.42,317,2415,2732
422,26/02/2012,1,1,2,0,0,0,1,11.45,13.42,0.41,0.21,515,2874,3389
423,27/02/2012,1,1,2,0,1,1,1,15.03,17.9,0.49,0.27,253,4069,4322
424,28/02/2012,1,1,2,0,2,1,1,14.73,17.68,0.4,0.19,229,4134,4363
425,29/02/2012,1,1,2,0,3,1,2,14.12,17.42,0.8,0.18,65,1769,1834
426,01/03/2012,1,1,3,0,4,1,1,19.92,23.77,0.62,0.23,325,4665,4990
427,02/03/2012,1,1,3,0,5,1,2,14.49,17.99,0.66,0.14,246,2948,3194
428,03/03/2012,1,1,3,0,6,0,2,16.98,20.67,0.62,0.16,956,3110,4066
429,04/03/2012,1,1,3,0,0,0,1,13.36,15.15,0.4,0.33,710,2713,3423
430,05/03/2012,1,1,3,0,1,1,1,9.98,12.06,0.51,0.23,203,3130,3333
431,06/03/2012,1,1,3,0,2,1,1,10.59,12.75,0.46,0.2,221,3735,3956
432,07/03/2012,1,1,3,0,3,1,1,16.57,19.26,0.51,0.35,432,4484,4916
433,08/03/2012,1,1,3,0,4,1,1,21.63,26.23,0.57,0.44,486,4896,5382
434,09/03/2012,1,1,3,0,5,1,2,16.84,19.85,0.41,0.41,447,4122,4569
435,10/03/2012,1,1,3,0,6,0,1,11.79,13.89,0.35,0.23,968,3150,4118
436,11/03/2012,1,1,3,0,0,0,1,14.83,17.98,0.48,0.22,1658,3253,4911
437,12/03/2012,1,1,3,0,1,1,1,19.13,22.98,0.49,0.21,838,4460,5298
438,13/03/2012,1,1,3,0,2,1,1,23.16,27.15,0.62,0.24,762,5085,5847
439,14/03/2012,1,1,3,0,3,1,1,23.47,27.43,0.51,0.12,997,5315,6312
440,15/03/2012,1,1,3,0,4,1,1,22.86,26.64,0.58,0.15,1005,5187,6192
441,16/03/2012,1,1,3,0,5,1,2,17.87,21.81,0.84,0.11,548,3830,4378
442,17/03/2012,1,1,3,0,6,0,2,21.08,25.25,0.76,0.11,3155,4681,7836
443,18/03/2012,1,1,3,0,0,0,2,19.37,23.2,0.81,0.13,2207,3685,5892
444,19/03/2012,1,1,3,0,1,1,1,22.35,26.64,0.73,0.16,982,5171,6153
445,20/03/2012,1,1,3,0,2,1,1,22.99,26.93,0.81,0.12,1051,5042,6093
446,21/03/2012,2,1,3,0,3,1,2,21.8,25.66,0.82,0.09,1122,5108,6230
447,22/03/2012,2,1,3,0,4,1,1,22.72,26.58,0.83,0.12,1334,5537,6871
448,23/03/2012,2,1,3,0,5,1,2,24.67,28.5,0.69,0.12,2469,5893,8362
449,24/03/2012,2,1,3,0,6,0,2,20.6,24.34,0.89,0.19,1033,2339,3372
450,25/03/2012,2,1,3,0,0,0,2,17.94,21.87,0.88,0.22,1532,3464,4996
451,26/03/2012,2,1,3,0,1,1,1,18.28,21.94,0.48,0.39,795,4763,5558
452,27/03/2012,2,1,3,0,2,1,1,13.26,15.78,0.29,0.19,531,4571,5102
453,28/03/2012,2,1,3,0,3,1,1,19.85,23.55,0.48,0.29,674,5024,5698
454,29/03/2012,2,1,3,0,4,1,1,20.26,24.12,0.44,0.32,834,5299,6133
455,30/03/2012,2,1,3,0,5,1,2,15.17,18.78,0.58,0.14,796,4663,5459
456,31/03/2012,2,1,3,0,6,0,2,17.39,21.09,0.74,0.25,2301,3934,6235
457,01/04/2012,2,1,4,0,0,0,2,17.46,20.86,0.68,0.17,2347,3694,6041
458,02/04/2012,2,1,4,0,1,1,1,17.79,21.38,0.5,0.31,1208,4728,5936
459,03/04/2012,2,1,4,0,2,1,1,19.13,23.07,0.4,0.1,1348,5424,6772
460,04/04/2012,2,1,4,0,3,1,1,22.21,26.67,0.47,0.18,1058,5378,6436
461,05/04/2012,2,1,4,0,4,1,1,17.84,21.56,0.37,0.22,1192,5265,6457
462,06/04/2012,2,1,4,0,5,1,1,16.54,19.54,0.38,0.3,1807,4653,6460
463,07/04/2012,2,1,4,0,6,0,1,17.94,21.31,0.25,0.27,3252,3605,6857
464,08/04/2012,2,1,4,0,0,0,1,20.5,24.62,0.28,0.23,2230,2939,5169
465,09/04/2012,2,1,4,0,1,1,1,20.06,23.83,0.32,0.36,905,4680,5585
466,10/04/2012,2,1,4,0,2,1,1,18.31,21.81,0.44,0.25,819,5099,5918
467,11/04/2012,2,1,4,0,3,1,1,14.3,16.86,0.47,0.3,482,4380,4862
468,12/04/2012,2,1,4,0,4,1,1,16.3,19.38,0.47,0.29,663,4746,5409
469,13/04/2012,2,1,4,0,5,1,1,18.14,21.59,0.41,0.16,1252,5146,6398
470,14/04/2012,2,1,4,0,6,0,1,20.29,24.4,0.5,0.19,2795,4665,7460
471,15/04/2012,2,1,4,0,0,0,1,24.87,28.69,0.51,0.23,2846,4286,7132
472,16/04/2012,2,1,4,1,1,0,1,27.23,30.75,0.56,0.28,1198,5172,6370
473,17/04/2012,2,1,4,0,2,1,1,24.94,29.92,0.39,0.27,989,5702,6691
474,18/04/2012,2,1,4,0,3,1,2,19,22.85,0.57,0.17,347,4020,4367
475,19/04/2012,2,1,4,0,4,1,1,20.43,24.65,0.61,0.07,846,5719,6565
476,20/04/2012,2,1,4,0,5,1,1,21.59,25.79,0.69,0.15,1340,5950,7290
477,21/04/2012,2,1,4,0,6,0,1,23.37,27.15,0.68,0.28,2541,4083,6624
478,22/04/2012,2,1,4,0,0,0,3,16.26,19.48,0.84,0.34,120,907,1027
479,23/04/2012,2,1,4,0,1,1,2,13.19,15.06,0.77,0.3,195,3019,3214
480,24/04/2012,2,1,4,0,2,1,1,16.95,20.26,0.45,0.25,518,5115,5633
481,25/04/2012,2,1,4,0,3,1,1,19.54,23.52,0.43,0.12,655,5541,6196
482,26/04/2012,2,1,4,0,4,1,2,20.43,24.18,0.76,0.18,475,4551,5026
483,27/04/2012,2,1,4,0,5,1,1,18.76,22.63,0.4,0.35,1014,5219,6233
484,28/04/2012,2,1,4,0,6,0,2,15.44,18.88,0.49,0.13,1120,3100,4220
485,29/04/2012,2,1,4,0,0,0,1,18.79,22.51,0.59,0.12,2229,4075,6304
486,30/04/2012,2,1,4,0,1,1,2,19.03,22.88,0.57,0.17,665,4907,5572
487,01/05/2012,2,1,5,0,2,1,2,25.15,28.85,0.66,0.16,653,5087,5740
488,02/05/2012,2,1,5,0,3,1,1,23.13,26.89,0.8,0.14,667,5502,6169
489,03/05/2012,2,1,5,0,4,1,2,22.96,26.86,0.77,0.13,764,5657,6421
490,04/05/2012,2,1,5,0,5,1,1,25.73,29.55,0.74,0.16,1069,5227,6296
491,05/05/2012,2,1,5,0,6,0,2,25.49,29.23,0.76,0.15,2496,4387,6883
492,06/05/2012,2,1,5,0,0,0,2,23.06,27.34,0.74,0.15,2135,4224,6359
493,07/05/2012,2,1,5,0,1,1,2,22.04,26.36,0.66,0.23,1008,5265,6273
494,08/05/2012,2,1,5,0,2,1,2,23.85,27.87,0.69,0.3,738,4990,5728
495,09/05/2012,2,1,5,0,3,1,2,23.58,27.65,0.74,0.22,620,4097,4717
496,10/05/2012,2,1,5,0,4,1,1,20.74,24.59,0.55,0.31,1026,5546,6572
497,11/05/2012,2,1,5,0,5,1,1,21.87,26.04,0.36,0.24,1319,5711,7030
498,12/05/2012,2,1,5,0,6,0,1,23.13,27.24,0.48,0.12,2622,4807,7429
499,13/05/2012,2,1,5,0,0,0,1,25.11,29.26,0.58,0.23,2172,3946,6118
500,14/05/2012,2,1,5,0,1,1,2,23.51,27.5,0.79,0.21,342,2501,2843
501,15/05/2012,2,1,5,0,2,1,2,25.08,28.82,0.79,0.15,625,4490,5115
502,16/05/2012,2,1,5,0,3,1,1,26.1,29.8,0.7,0.12,991,6433,7424
503,17/05/2012,2,1,5,0,4,1,1,24.33,28.63,0.52,0.23,1242,6142,7384
504,18/05/2012,2,1,5,0,5,1,1,23.13,27.56,0.52,0.14,1521,6118,7639
505,19/05/2012,2,1,5,0,6,0,1,24.6,28.35,0.46,0.08,3410,4884,8294
506,20/05/2012,2,1,5,0,0,0,1,25.45,29.2,0.53,0.25,2704,4425,7129
507,21/05/2012,2,1,5,0,1,1,2,24.53,28.28,0.81,0.23,630,3729,4359
508,22/05/2012,2,1,5,0,2,1,2,25.22,29.04,0.77,0.12,819,5254,6073
509,23/05/2012,2,1,5,0,3,1,2,25.49,29.23,0.77,0.1,766,4494,5260
510,24/05/2012,2,1,5,0,4,1,1,26.86,30.34,0.72,0.17,1059,5711,6770
511,25/05/2012,2,1,5,0,5,1,1,27.88,31.38,0.75,0.14,1417,5317,6734
512,26/05/2012,2,1,5,0,6,0,1,28.39,32.13,0.73,0.2,2855,3681,6536
513,27/05/2012,2,1,5,0,0,0,1,28.29,32.07,0.7,0.22,3283,3308,6591
514,28/05/2012,2,1,5,1,1,0,1,29.21,33.97,0.68,0.2,2557,3486,6043
515,29/05/2012,2,1,5,0,2,1,1,29.62,33.65,0.68,0.3,880,4863,5743
516,30/05/2012,2,1,5,0,3,1,2,26.92,30.56,0.67,0.13,745,6110,6855
517,31/05/2012,2,1,5,0,4,1,1,27.88,31.57,0.49,0.2,1100,6238,7338
518,01/06/2012,2,1,6,0,5,1,2,26.82,30.4,0.76,0.24,533,3594,4127
519,02/06/2012,2,1,6,0,6,0,1,23.92,28.31,0.55,0.19,2795,5325,8120
520,03/06/2012,2,1,6,0,0,0,1,24.7,28.76,0.49,0.18,2494,5147,7641
521,04/06/2012,2,1,6,0,1,1,1,24.5,28.91,0.49,0.28,1071,5927,6998
522,05/06/2012,2,1,6,0,2,1,2,22.17,26.29,0.61,0.21,968,6033,7001
523,06/06/2012,2,1,6,0,3,1,1,22.72,27.11,0.61,0.08,1027,6028,7055
524,07/06/2012,2,1,6,0,4,1,1,24.7,28.47,0.57,0.16,1038,6456,7494
525,08/06/2012,2,1,6,0,5,1,1,26.62,29.89,0.47,0.18,1488,6248,7736
526,09/06/2012,2,1,6,0,6,0,1,29.14,32.42,0.44,0.14,2708,4790,7498
527,10/06/2012,2,1,6,0,0,0,1,29.79,33.18,0.54,0.13,2224,4374,6598
528,11/06/2012,2,1,6,0,1,1,2,29.55,32.99,0.59,0.21,1017,5647,6664
529,12/06/2012,2,1,6,0,2,1,2,26.79,29.89,0.83,0.21,477,4495,4972
530,13/06/2012,2,1,6,0,3,1,1,26.89,30.56,0.58,0.34,1173,6248,7421
531,14/06/2012,2,1,6,0,4,1,1,26.58,31.22,0.57,0.25,1180,6183,7363
532,15/06/2012,2,1,6,0,5,1,1,26.21,29.99,0.59,0.18,1563,6102,7665
533,16/06/2012,2,1,6,0,6,0,1,25.9,29.74,0.5,0.17,2963,4739,7702
534,17/06/2012,2,1,6,0,0,0,1,24.29,28.6,0.6,0.14,2634,4344,6978
535,18/06/2012,2,1,6,0,1,1,2,23.3,27.24,0.78,0.17,653,4446,5099
536,19/06/2012,2,1,6,0,2,1,1,28.22,32.73,0.69,0.15,968,5857,6825
537,20/06/2012,2,1,6,0,3,1,1,32.08,36.05,0.59,0.11,872,5339,6211
538,21/06/2012,3,1,6,0,4,1,1,33.04,37.63,0.57,0.12,778,5127,5905
539,22/06/2012,3,1,6,0,5,1,1,31.88,36.21,0.57,0.18,964,4859,5823
540,23/06/2012,3,1,6,0,6,0,1,30,32.64,0.53,0.18,2657,4801,7458
541,24/06/2012,3,1,6,0,0,0,1,30.48,33.71,0.48,0.15,2551,4340,6891
542,25/06/2012,3,1,6,0,1,1,1,29.35,32.7,0.5,0.3,1139,5640,6779
543,26/06/2012,3,1,6,0,2,1,1,25.86,29.74,0.37,0.35,1077,6365,7442
544,27/06/2012,3,1,6,0,3,1,1,28.6,32.04,0.36,0.27,1077,6258,7335
545,28/06/2012,3,1,6,0,4,1,1,30.72,33.78,0.42,0.17,921,5958,6879
546,29/06/2012,3,1,6,0,5,1,1,34.2,39.33,0.49,0.17,829,4634,5463
547,30/06/2012,3,1,6,0,6,0,1,31.36,34.38,0.6,0.16,1455,4232,5687
548,01/07/2012,3,1,7,0,0,0,1,33.45,37.53,0.52,0.17,1421,4110,5531
549,02/07/2012,3,1,7,0,1,1,1,32.05,35.1,0.45,0.2,904,5323,6227
550,03/07/2012,3,1,7,0,2,1,1,32.01,35.13,0.49,0.13,1052,5608,6660
551,04/07/2012,3,1,7,1,3,0,1,32.36,36.62,0.54,0.13,2562,4841,7403
552,05/07/2012,3,1,7,0,4,1,1,33.93,38.07,0.46,0.19,1405,4836,6241
553,06/07/2012,3,1,7,0,5,1,1,33.96,37.63,0.45,0.15,1366,4841,6207
554,07/07/2012,3,1,7,0,6,0,1,35.33,40.25,0.49,0.16,1448,3392,4840
555,08/07/2012,3,1,7,0,0,0,1,33.72,39.52,0.57,0.13,1203,3469,4672
556,09/07/2012,3,1,7,0,1,1,2,29.14,32.7,0.68,0.18,998,5571,6569
557,10/07/2012,3,1,7,0,2,1,2,29.55,33.24,0.67,0.15,954,5336,6290
558,11/07/2012,3,1,7,0,3,1,1,29.38,32.51,0.63,0.15,975,6289,7264
559,12/07/2012,3,1,7,0,4,1,1,29.35,32.73,0.53,0.15,1032,6414,7446
560,13/07/2012,3,1,7,0,5,1,2,30,33.4,0.49,0.08,1511,5988,7499
561,14/07/2012,3,1,7,0,6,0,2,28.84,33.3,0.7,0.14,2355,4614,6969
562,15/07/2012,3,1,7,0,0,0,1,30.58,35.26,0.72,0.17,1920,4111,6031
563,16/07/2012,3,1,7,0,1,1,1,31.3,36.21,0.64,0.16,1088,5742,6830
564,17/07/2012,3,1,7,0,2,1,1,33.55,37.78,0.51,0.11,921,5865,6786
565,18/07/2012,3,1,7,0,3,1,1,32.53,37.28,0.58,0.14,799,4914,5713
566,19/07/2012,3,1,7,0,4,1,1,31.57,35.73,0.6,0.17,888,5703,6591
567,20/07/2012,3,1,7,0,5,1,2,27.3,30.65,0.84,0.21,747,5123,5870
568,21/07/2012,3,1,7,0,6,0,3,24.43,27.5,0.87,0.21,1264,3195,4459
569,22/07/2012,3,1,7,0,0,0,2,27.37,31.16,0.76,0.09,2544,4866,7410
570,23/07/2012,3,1,7,0,1,1,1,30.41,34.5,0.69,0.14,1135,5831,6966
571,24/07/2012,3,1,7,0,2,1,1,30.78,35.32,0.66,0.21,1140,6452,7592
572,25/07/2012,3,1,7,0,3,1,1,29.69,32.7,0.45,0.16,1383,6790,8173
573,26/07/2012,3,1,7,0,4,1,1,31.84,36.96,0.6,0.28,1036,5825,6861
574,27/07/2012,3,1,7,0,5,1,1,32.05,36.71,0.59,0.15,1259,5645,6904
575,28/07/2012,3,1,7,0,6,0,1,30.99,34.88,0.61,0.16,2234,4451,6685
576,29/07/2012,3,1,7,0,0,0,1,29.59,33.4,0.62,0.17,2153,4444,6597
577,30/07/2012,3,1,7,0,1,1,1,29.96,34.25,0.67,0.15,1040,6065,7105
578,31/07/2012,3,1,7,0,2,1,1,29.25,33.14,0.7,0.17,968,6248,7216
579,01/08/2012,3,1,8,0,3,1,1,29.42,33.37,0.68,0.14,1074,6506,7580
580,02/08/2012,3,1,8,0,4,1,1,30.85,35.35,0.66,0.13,983,6278,7261
581,03/08/2012,3,1,8,0,5,1,2,31.4,36.14,0.64,0.22,1328,5847,7175
582,04/08/2012,3,1,8,0,6,0,1,32.53,37.56,0.61,0.26,2345,4479,6824
583,05/08/2012,3,1,8,0,0,0,1,31.54,36.55,0.65,0.29,1707,3757,5464
584,06/08/2012,3,1,8,0,1,1,2,30.85,35.51,0.65,0.13,1233,5780,7013
585,07/08/2012,3,1,8,0,2,1,2,30.17,34.88,0.7,0.12,1278,5995,7273
586,08/08/2012,3,1,8,0,3,1,2,30.75,35.39,0.67,0.11,1263,6271,7534
587,09/08/2012,3,1,8,0,4,1,1,30.99,34.98,0.62,0.16,1196,6090,7286
588,10/08/2012,3,1,8,0,5,1,2,29.35,33.4,0.72,0.24,1065,4721,5786
589,11/08/2012,3,1,8,0,6,0,2,28.39,31.91,0.73,0.21,2247,4052,6299
590,12/08/2012,3,1,8,0,0,0,1,28.73,32.23,0.53,0.12,2182,4362,6544
591,13/08/2012,3,1,8,0,1,1,1,29.55,33.11,0.55,0.14,1207,5676,6883
592,14/08/2012,3,1,8,0,2,1,1,29.79,33.84,0.69,0.17,1128,5656,6784
593,15/08/2012,3,1,8,0,3,1,1,28.97,32.7,0.62,0.17,1198,6149,7347
594,16/08/2012,3,1,8,0,4,1,1,29.49,32.73,0.52,0.14,1338,6267,7605
595,17/08/2012,3,1,8,0,5,1,1,29.66,12.12,0.57,0.23,1483,5665,7148
596,18/08/2012,3,1,8,0,6,0,1,27.81,30.9,0.6,0.18,2827,5038,7865
597,19/08/2012,3,1,8,0,0,0,2,26.07,30.18,0.71,0.09,1208,3341,4549
598,20/08/2012,3,1,8,0,1,1,2,26.07,29.8,0.73,0.13,1026,5504,6530
599,21/08/2012,3,1,8,0,2,1,1,26.62,30.05,0.67,0.07,1081,5925,7006
600,22/08/2012,3,1,8,0,3,1,1,27.37,31.09,0.68,0.07,1094,6281,7375
601,23/08/2012,3,1,8,0,4,1,1,28.53,31.85,0.64,0.08,1363,6402,7765
602,24/08/2012,3,1,8,0,5,1,2,28.8,32.36,0.62,0.07,1325,6257,7582
603,25/08/2012,3,1,8,0,6,0,2,27.13,30.93,0.71,0.24,1829,4224,6053
604,26/08/2012,3,1,8,0,0,0,2,26.79,29.8,0.85,0.23,1483,3772,5255
605,27/08/2012,3,1,8,0,1,1,1,28.84,32.73,0.73,0.13,989,5928,6917
606,28/08/2012,3,1,8,0,2,1,1,29.86,33.3,0.62,0.19,935,6105,7040
607,29/08/2012,3,1,8,0,3,1,1,28.08,31.79,0.55,0.11,1177,6520,7697
608,30/08/2012,3,1,8,0,4,1,1,28.97,32.64,0.59,0.08,1172,6541,7713
609,31/08/2012,3,1,8,0,5,1,1,31.33,34.47,0.59,0.17,1433,5917,7350
610,01/09/2012,3,1,9,0,6,0,2,30.89,35.13,0.64,0.11,2352,3788,6140
611,02/09/2012,3,1,9,0,0,0,2,28.56,32.45,0.82,0.06,2613,3197,5810
612,03/09/2012,3,1,9,1,1,0,1,29.01,33.08,0.79,0.15,1965,4069,6034
613,04/09/2012,3,1,9,0,2,1,1,29.76,34.34,0.76,0.24,867,5997,6864
614,05/09/2012,3,1,9,0,3,1,1,30.2,35.45,0.74,0.19,832,6280,7112
615,06/09/2012,3,1,9,0,4,1,2,28.56,32.77,0.81,0.14,611,5592,6203
616,07/09/2012,3,1,9,0,5,1,1,28.84,32.86,0.74,0.17,1045,6459,7504
617,08/09/2012,3,1,9,0,6,0,2,27.03,30.56,0.8,0.28,1557,4419,5976
618,09/09/2012,3,1,9,0,0,0,1,25.01,28.95,0.55,0.22,2570,5657,8227
619,10/09/2012,3,1,9,0,1,1,1,23.92,28.28,0.5,0.26,1118,6407,7525
620,11/09/2012,3,1,9,0,2,1,1,23.68,27.71,0.52,0.09,1070,6697,7767
621,12/09/2012,3,1,9,0,3,1,1,24.57,28.5,0.58,0.13,1050,6820,7870
622,13/09/2012,3,1,9,0,4,1,1,25.11,28.98,0.64,0.08,1054,6750,7804
623,14/09/2012,3,1,9,0,5,1,1,25.97,29.7,0.67,0.1,1379,6630,8009
624,15/09/2012,3,1,9,0,6,0,1,24.94,29.29,0.5,0.25,3160,5554,8714
625,16/09/2012,3,1,9,0,0,0,1,23.78,28.16,0.57,0.09,2166,5167,7333
626,17/09/2012,3,1,9,0,1,1,2,23.81,27.65,0.73,0.15,1022,5847,6869
627,18/09/2012,3,1,9,0,2,1,2,25.56,28.25,0.87,0.36,371,3702,4073
628,19/09/2012,3,1,9,0,3,1,1,22.65,27.02,0.54,0.22,788,6803,7591
629,20/09/2012,3,1,9,0,4,1,1,22.41,26.61,0.62,0.12,939,6781,7720
630,21/09/2012,3,1,9,0,5,1,1,24.57,28.6,0.67,0.15,1250,6917,8167
631,22/09/2012,3,1,9,0,6,0,1,26.65,30.52,0.65,0.28,2512,5883,8395
632,23/09/2012,4,1,9,0,0,0,1,21.7,25.95,0.47,0.22,2454,5453,7907
633,24/09/2012,4,1,9,0,1,1,1,21.08,25.13,0.49,0.14,1001,6435,7436
634,25/09/2012,4,1,9,0,2,1,1,22.55,27.21,0.57,0.24,845,6693,7538
635,26/09/2012,4,1,9,0,3,1,1,26.04,29.83,0.63,0.24,787,6946,7733
636,27/09/2012,4,1,9,0,4,1,2,26.65,30.4,0.69,0.13,751,6642,7393
637,28/09/2012,4,1,9,0,5,1,2,25.39,29.29,0.69,0.16,1045,6370,7415
638,29/09/2012,4,1,9,0,6,0,1,22.24,26.51,0.54,0.23,2589,5966,8555
639,30/09/2012,4,1,9,0,0,0,1,21.59,25.88,0.58,0.13,2015,4874,6889
640,01/10/2012,4,1,10,0,1,1,2,21.35,25.6,0.65,0.09,763,6015,6778
641,02/10/2012,4,1,10,0,2,1,3,24.22,27.12,0.87,0.1,315,4324,4639
642,03/10/2012,4,1,10,0,3,1,2,26.96,29.96,0.79,0.07,728,6844,7572
643,04/10/2012,4,1,10,0,4,1,2,26.96,30.4,0.72,0.12,891,6437,7328
644,05/10/2012,4,1,10,0,5,1,1,25.22,29.01,0.63,0.11,1516,6640,8156
645,06/10/2012,4,1,10,0,6,0,1,22.72,26.93,0.66,0.27,3031,4934,7965
646,07/10/2012,4,1,10,0,0,0,2,17.05,20.99,0.71,0.14,781,2729,3510
647,08/10/2012,4,1,10,1,1,0,2,15.72,19.38,0.71,0.19,874,4604,5478
648,09/10/2012,4,1,10,0,2,1,2,18.31,21.91,0.76,0.19,601,5791,6392
649,10/10/2012,4,1,10,0,3,1,1,21.08,25.16,0.63,0.19,780,6911,7691
650,11/10/2012,4,1,10,0,4,1,1,17.84,21.56,0.46,0.18,834,6736,7570
651,12/10/2012,4,1,10,0,5,1,1,17.94,21.65,0.54,0.24,1060,6222,7282
652,13/10/2012,4,1,10,0,6,0,1,16.13,19.57,0.49,0.15,2252,4857,7109
653,14/10/2012,4,1,10,0,0,0,1,21.39,25.41,0.64,0.28,2080,4559,6639
654,15/10/2012,4,1,10,0,1,1,2,23.03,26.96,0.71,0.3,760,5115,5875
655,16/10/2012,4,1,10,0,2,1,1,19.2,23.04,0.56,0.18,922,6612,7534
656,17/10/2012,4,1,10,0,3,1,1,18.69,22.51,0.69,0.1,979,6482,7461
657,18/10/2012,4,1,10,0,4,1,2,21.42,25.63,0.73,0.24,1008,6501,7509
658,19/10/2012,4,1,10,0,5,1,2,23.1,26.89,0.82,0.13,753,4671,5424
659,20/10/2012,4,1,10,0,6,0,1,19.85,23.64,0.57,0.12,2806,5284,8090
660,21/10/2012,4,1,10,0,0,0,1,19.03,22.82,0.51,0.17,2132,4692,6824
661,22/10/2012,4,1,10,0,1,1,1,19.99,24.15,0.57,0.08,830,6228,7058
662,23/10/2012,4,1,10,0,2,1,1,22.31,26.52,0.64,0.09,841,6625,7466
663,24/10/2012,4,1,10,0,3,1,1,24.09,27.94,0.64,0.07,795,6898,7693
664,25/10/2012,4,1,10,0,4,1,2,22.55,26.48,0.8,0.12,875,6484,7359
665,26/10/2012,4,1,10,0,5,1,2,22.38,26.14,0.81,0.13,1182,6262,7444
666,27/10/2012,4,1,10,0,6,0,2,21.73,25.76,0.72,0.24,2643,5209,7852
667,28/10/2012,4,1,10,0,0,0,2,19.58,23.39,0.69,0.4,998,3461,4459
668,29/10/2012,4,1,10,0,1,1,3,18.04,21.97,0.88,0.36,2,20,22
669,30/10/2012,4,1,10,0,2,1,2,13.05,15.5,0.83,0.21,87,1009,1096
670,31/10/2012,4,1,10,0,3,1,2,14.66,18.06,0.67,0.17,419,5147,5566
671,01/11/2012,4,1,11,0,4,1,2,15,18.5,0.58,0.16,466,5520,5986
672,02/11/2012,4,1,11,0,5,1,1,14.56,17.8,0.52,0.27,618,5229,5847
673,03/11/2012,4,1,11,0,6,0,2,14.08,16.19,0.49,0.27,1029,4109,5138
674,04/11/2012,4,1,11,0,0,0,1,13.36,16.48,0.53,0.18,1201,3906,5107
675,05/11/2012,4,1,11,0,1,1,1,13.09,15.4,0.49,0.24,378,4881,5259
676,06/11/2012,4,1,11,0,2,1,1,11.51,14.08,0.57,0.17,466,5220,5686
677,07/11/2012,4,1,11,0,3,1,2,12.13,13.73,0.55,0.3,326,4709,5035
678,08/11/2012,4,1,11,0,4,1,1,14.44,17.09,0.33,0.35,340,4975,5315
679,09/11/2012,4,1,11,0,5,1,1,14.83,17.77,0.54,0.21,709,5283,5992
680,10/11/2012,4,1,11,0,6,0,1,15.96,19.7,0.65,0.06,2090,4446,6536
681,11/11/2012,4,1,11,0,0,0,1,17.25,21.09,0.66,0.13,2290,4562,6852
682,12/11/2012,4,1,11,1,1,0,1,19.88,23.77,0.74,0.17,1097,5172,6269
683,13/11/2012,4,1,11,0,2,1,2,14.08,16.16,0.66,0.34,327,3767,4094
684,14/11/2012,4,1,11,0,3,1,1,11.86,14.08,0.55,0.2,373,5122,5495
685,15/11/2012,4,1,11,0,4,1,2,13.19,16.22,0.62,0.15,320,5125,5445
686,16/11/2012,4,1,11,0,5,1,1,14.14,17.36,0.52,0.17,484,5214,5698
687,17/11/2012,4,1,11,0,6,0,1,13.32,16.32,0.55,0.18,1313,4316,5629
688,18/11/2012,4,1,11,0,0,0,1,14.04,16.89,0.69,0.23,922,3747,4669
689,19/11/2012,4,1,11,0,1,1,2,15.61,18.78,0.62,0.24,449,5050,5499
690,20/11/2012,4,1,11,0,2,1,2,15.34,19.03,0.68,0.08,534,5100,5634
691,21/11/2012,4,1,11,0,3,1,1,14.49,18.24,0.61,0.1,615,4531,5146
692,22/11/2012,4,1,11,1,4,0,1,13.94,17.52,0.58,0.05,955,1470,2425
693,23/11/2012,4,1,11,0,5,1,1,15.1,18.94,0.57,0.15,1603,2307,3910
694,24/11/2012,4,1,11,0,6,0,1,11.41,12.44,0.4,0.38,532,1745,2277
695,25/11/2012,4,1,11,0,0,0,1,10.08,12.88,0.47,0.15,309,2115,2424
696,26/11/2012,4,1,11,0,1,1,1,12.85,16.95,0.54,0.05,337,4750,5087
697,27/11/2012,4,1,11,0,2,1,2,11.96,14.08,0.79,0.24,123,3836,3959
698,28/11/2012,4,1,11,0,3,1,1,12.16,14.49,0.51,0.21,198,5062,5260
699,29/11/2012,4,1,11,0,4,1,1,11.52,14.92,0.56,0.12,243,5080,5323
700,30/11/2012,4,1,11,0,5,1,1,12.23,16.19,0.65,0.06,362,5306,5668
701,01/12/2012,4,1,12,0,6,0,2,12.23,15.85,0.81,0.06,951,4240,5191
702,02/12/2012,4,1,12,0,0,0,2,14.25,17.96,0.82,0.12,892,3757,4649
703,03/12/2012,4,1,12,0,1,1,1,18.55,22.79,0.77,0.08,555,5679,6234
704,04/12/2012,4,1,12,0,2,1,1,19.51,23.45,0.73,0.17,551,6055,6606
705,05/12/2012,4,1,12,0,3,1,1,17.97,21.4,0.48,0.32,331,5398,5729
706,06/12/2012,4,1,12,0,4,1,1,10.49,12.91,0.51,0.17,340,5035,5375
707,07/12/2012,4,1,12,0,5,1,2,13.15,16.1,0.76,0.13,349,4659,5008
708,08/12/2012,4,1,12,0,6,0,2,15.65,19.48,0.91,0.1,1153,4429,5582
709,09/12/2012,4,1,12,0,0,0,2,15.75,19.51,0.91,0.16,441,2787,3228
710,10/12/2012,4,1,12,0,1,1,2,17.87,21.78,0.92,0.19,329,4841,5170
711,11/12/2012,4,1,12,0,2,1,2,14.49,16.92,0.6,0.3,282,5219,5501
712,12/12/2012,4,1,12,0,3,1,2,12.2,14.87,0.54,0.16,310,5009,5319
713,13/12/2012,4,1,12,0,4,1,1,12.13,14.71,0.49,0.17,425,5107,5532
714,14/12/2012,4,1,12,0,5,1,1,11.55,14.71,0.64,0.13,429,5182,5611
715,15/12/2012,4,1,12,0,6,0,1,13.29,16.92,0.65,0.11,767,4280,5047
716,16/12/2012,4,1,12,0,0,0,2,14.86,18.5,0.84,0.1,538,3248,3786
717,17/12/2012,4,1,12,0,1,1,2,16.13,20.08,0.91,0.1,212,4373,4585
718,18/12/2012,4,1,12,0,2,1,1,16.84,20.49,0.67,0.22,433,5124,5557
719,19/12/2012,4,1,12,0,3,1,1,13.63,17.11,0.63,0.18,333,4934,5267
720,20/12/2012,4,1,12,0,4,1,2,13.53,16.76,0.67,0.13,314,3814,4128
721,21/12/2012,1,1,12,0,5,1,2,13.39,15.09,0.56,0.37,221,3402,3623
722,22/12/2012,1,1,12,0,6,0,1,10.9,11.81,0.44,0.41,205,1544,1749
723,23/12/2012,1,1,12,0,0,0,1,10.08,12.97,0.52,0.13,408,1379,1787
724,24/12/2012,1,1,12,0,1,1,2,9.48,12.94,0.79,0.08,174,746,920
725,25/12/2012,1,1,12,1,2,0,2,11.94,14.72,0.73,0.17,440,573,1013
726,26/12/2012,1,1,12,0,3,1,3,9.98,11.02,0.82,0.32,9,432,441
727,27/12/2012,1,1,12,0,4,1,2,10.42,11.33,0.65,0.35,247,1867,2114
728,28/12/2012,1,1,12,0,5,1,2,10.39,12.75,0.59,0.16,644,2451,3095
729,29/12/2012,1,1,12,0,6,0,2,10.39,12.12,0.75,0.12,159,1182,1341
730,30/12/2012,1,1,12,0,0,0,1,10.49,11.58,0.48,0.35,364,1432,1796
731,31/12/2012,1,1,12,0,1,1,2,8.85,11.17,0.58,0.15,439,2290,2729